2013-12-17 08:59:08,0:08:48
2013-08-30 09:02:10,0:08:58
2013-06-04 15:19:34,0:09:31
2014-09-17 06:20:49,0:09:31
2018-09-11 06:39:56,0:09:34
2018-09-07 06:36:49,0:09:42
2018-08-21 11:03:33,0:09:50
2018-08-23 06:25:57,0:10:01
2018-09-04 09:22:02,0:10:07
2016-05-18 09:55:16,0:10:15
2018-01-24 10:09:33,0:10:24
2018-08-17 12:12:08,0:10:24
2013-03-04 17:15:11,0:10:35
2018-08-09 09:26:15,0:10:39
2016-05-23 09:53:44,0:10:41
2014-07-07 14:59:14,0:10:47
2016-05-15 07:44:49,0:10:49
2016-05-11 09:53:37,0:10:54
2013-02-26 16:55:47,0:11:03
2013-02-12 17:00:17,0:14:07
